<?xml version="1.0" encoding="UTF-8"?>
<beans xmlns="http://www.springframework.org/schema/beans" xmlns:xsi="http://www.w3.org/2001/XMLSchema-instance" xmlns:aop="http://www.springframework.org/schema/aop" xmlns:tx="http://www.springframework.org/schema/tx" xmlns:context="http://www.springframework.org/schema/context" xsi:schemaLocation="http://www.springframework.org/schema/beans http://www.springframework.org/schema/beans/spring-beans-2.5.xsd http://www.springframework.org/schema/tx http://www.springframework.org/schema/tx/spring-tx-2.5.xsd http://www.springframework.org/schema/aop http://www.springframework.org/schema/aop/spring-aop-2.5.xsd http://www.springframework.org/schema/context http://www.springframework.org/schema/context/spring-context-2.5.xsd">


 <!--  扫描包设置 
  --> 
  <context:component-scan base-package="com.web.*" /> 
 <!--  2. 链接工厂 
  --> 
  <context:property-placeholder location="classpath:jdbc.properties" /> 
 <bean id="dataSource" class="org.apache.commons.dbcp.BasicDataSource" destroy-method="close">
  <property name="driverClassName" value="${jdbc.driverClassName}" /> 
  <property name="url" value="${jdbc.url}" /> 
  <property name="username" value="${jdbc.username}" /> 
  <property name="password" value="${jdbc.password}" /> 
  <property name="maxActive" value="20" /> 
  </bean>
 <bean id="sqlSessionFactory" class="org.mybatis.spring.SqlSessionFactoryBean">
  <property name="dataSource" ref="dataSource" /> 
  <property name="configLocation" value="classpath:mybatis.xml" /> 
  </bean>
 <!--  事务配置 
  --> 
 <bean id="txManager" class="org.springframework.jdbc.datasource.DataSourceTransactionManager">
  <property name="dataSource" ref="dataSource" /> 
  </bean>
 <aop:config>
  <aop:pointcut id="bussinessService" expression="execution(public * com.web.service.*.*(..))" /> 
  <aop:advisor pointcut-ref="bussinessService" advice-ref="txAdvice" /> 
  </aop:config>
 <tx:advice id="txAdvice" transaction-manager="txManager">
 <tx:attributes>
 <!--          add*  约定                是否只读                                                 事务的传播性                                    事务的隔离程度 
  --> 
  <tx:method name="add*" read-only="false" propagation="REQUIRED" isolation="DEFAULT" /> 
  <tx:method name="update*" read-only="false" propagation="REQUIRED" isolation="DEFAULT" /> 
  <tx:method name="delete*" read-only="false" propagation="REQUIRED" isolation="DEFAULT" /> 
  </tx:attributes>
  </tx:advice>
  </beans>
